pr 508 e5 p6 ,  , Test 5 , 2017-11-14 10:18:33
pr 508 e8 s7 1963 ,  , Test 5 , 2017-11-14 10:18:35
pr 508 h5 l49 1992 ,  , Test 5 , 2017-11-14 10:18:35
pr 508 j4 k7 ,  , Test 5 , 2017-11-14 10:18:37
pr 508 e5 p6 ,  , Test 5 , 2017-11-14 10:18:38
pr 508 e8 s7 1963 ,  , Test 5 , 2017-11-14 10:18:39
pr 508 h5 l49 1992 ,  , Test 5 , 2017-11-14 10:18:40
Call not found ,  , Test 5 , 2017-11-14 10:18:47
Call not found ,  , Test 5 , 2017-11-14 10:18:50
pr 508 e5 p6 ,  , test 6 , 2017-11-14 10:25:13
pr 508 e8 s7 1963 ,  , test 6 , 2017-11-14 10:25:14
pr 508 h5 l49 1992 ,  , test 6 , 2017-11-14 10:25:16
pr 508 j4 k7 ,  , test 6 , 2017-11-14 10:25:18
pr 508 e5 p6 ,  , test 6 , 2017-11-14 10:25:19
pr 508 e8 s7 1963 ,  , test 6 , 2017-11-14 10:25:20
pr 508 h5 l49 1992 ,  , test 6 , 2017-11-14 10:25:21
pr 508 j4 k7 ,  , test 6 , 2017-11-14 10:25:23
Call not found ,  , test 6 , 2017-11-14 10:25:28
Call not found ,  , test 6 , 2017-11-14 10:25:29
pr 508 e5 p6 ,  , test 7 , 2017-11-14 10:27:31
pr 508 e8 s7 1963 ,  , test 7 , 2017-11-14 10:27:32
pr 508 h5 l49 1992 ,  , test 7 , 2017-11-14 10:27:33
pr 508 j4 k7 ,  , test 7 , 2017-11-14 10:27:35
pr 508 e5 p6 ,  , test 7 , 2017-11-14 10:27:37
pr 508 e8 s7 1963 ,  , test 7 , 2017-11-14 10:27:38
pr 508 h5 l49 1992 ,  , test 7 , 2017-11-14 10:27:39
pr 508 j4 k7 ,  , test 7 , 2017-11-14 10:27:40
Call not found ,  , test 7 , 2017-11-14 10:27:45
Call not found ,  , test 7 , 2017-11-14 10:27:47
pr 508 e5 p6 ,  , test 8 , 2017-11-14 10:32:48
pr 508 e8 s7 1963 ,  , test 8 , 2017-11-14 10:32:50
pr 508 h5 l49 1992 ,  , test 8 , 2017-11-14 10:32:51
pr 508 j4 k7 ,  , test 8 , 2017-11-14 10:32:52
pr 508 e5 p6 ,  , test 8 , 2017-11-14 10:32:53
pr 508 e8 s7 1963 ,  , test 8 , 2017-11-14 10:32:54
pr 508 h5 l49 1992 ,  , test 8 , 2017-11-14 10:32:55
pr 508 j4 k7 ,  , test 8 , 2017-11-14 10:32:56
Call not found ,  , test 8 , 2017-11-14 10:33:01
Call not found ,  , test 8 , 2017-11-14 10:33:03
Stopped scanning ,   , test 8 , 2017-11-14 10:33:03
